{
  "tax_amount": 44.0,
  "num_iterations": 10000,
  "statistics": {
    "trucks_diverted": {
      "mean": 182.466,
      "std": 45.57481809069565,
      "min": 2.0,
      "max": 357.0,
      "percentiles": {
        "p5": 107.0,
        "p25": 152.0,
        "p50": 183.0,
        "p75": 213.0,
        "p95": 257.0
      }
    },
    "pm25_reduction": {
      "mean": 0.02193144489759722,
      "std": 0.0066565718937158435,
      "min": 0.0003061664336973018,
      "max": 0.05225498974033744,
      "percentiles": {
        "p5": 0.01174458177343913,
        "p25": 0.01731561208345719,
        "p50": 0.021518425416603468,
        "p75": 0.026097090208148873,
        "p95": 0.03355234128151602
      }
    },
    "asthma_visits_avoided": {
      "mean": 0.16400792267805642,
      "std": 0.06305366453913779,
      "min": 0.0021928777352184375,
      "max": 0.49821558949751427,
      "percentiles": {
        "p5": 0.07425755822490658,
        "p25": 0.1185265530417792,
        "p50": 0.15688791494495152,
        "p75": 0.20154804535906407,
        "p95": 0.27834133073782946
      }
    },
    "health_benefit_usd": {
      "mean": 48029.86432573791,
      "std": 14577.892447237698,
      "min": 670.5044897970909,
      "max": 114438.42753133898,
      "percentiles": {
        "p5": 25720.63408383169,
        "p25": 37921.19046277124,
        "p50": 47125.35166236159,
        "p75": 57152.62755584604,
        "p95": 73479.62740652007
      }
    }
  },
  "pdf_data": {
    "pm25_reduction": {
      "x": [
        0.0008256546667637032,
        0.001864631132896506,
        0.0029036075990293087,
        0.003942584065162112,
        0.004981560531294915,
        0.006020536997427717,
        0.00705951346356052,
        0.008098489929693323,
        0.009137466395826126,
        0.010176442861958929,
        0.011215419328091732,
        0.012254395794224535,
        0.013293372260357336,
        0.014332348726490139,
        0.01537132519262294,
        0.016410301658755743,
        0.017449278124888546,
        0.01848825459102135,
        0.019527231057154152,
        0.020566207523286955,
        0.021605183989419758,
        0.02264416045555256,
        0.023683136921685364,
        0.024722113387818163,
        0.025761089853950966,
        0.02680006632008377,
        0.027839042786216572,
        0.028878019252349375,
        0.02991699571848218,
        0.03095597218461498,
        0.031994948650747784,
        0.033033925116880594,
        0.03407290158301339,
        0.0351118780491462,
        0.036150854515278996,
        0.037189830981411806,
        0.0382288074475446,
        0.03926778391367741,
        0.04030676037981021,
        0.04134573684594302,
        0.042384713312075814,
        0.043423689778208624,
        0.04446266624434142,
        0.04550164271047423,
        0.046540619176607026,
        0.047579595642739836,
        0.04861857210887263,
        0.049657548575005435,
        0.05069652504113824,
        0.051735501507271034
      ],
      "y": [
        0.19249714167677384,
        0.09624857083838696,
        0.48124285419193485,
        0.3849942833535476,
        0.6737399958687085,
        1.539977133414192,
        3.657445691858703,
        4.138688546050638,
        7.122394242040633,
        12.5123142089903,
        17.132245609232875,
        23.388402713728063,
        31.184536951637362,
        31.473282664152524,
        38.98067118954677,
        48.02803684835507,
        54.09169681117345,
        58.80787678225441,
        58.71162821141603,
        62.65781961578989,
        64.87153674507279,
        56.78665679464828,
        53.32170824446635,
        54.2841939528504,
        45.910568289910564,
        41.964376885536694,
        33.590751222597035,
        29.644559818223172,
        24.73588270546544,
        20.98218844276828,
        19.05721702600061,
        13.956042771566104,
        11.934822783959978,
        7.50738852539418,
        7.411139954555793,
        4.427434258565799,
        4.234937116889025,
        3.657445691858703,
        2.9837056959899946,
        1.25123142089903,
        1.4437285625758038,
        1.347479991737417,
        0.9624857083838693,
        0.09624857083838692,
        0.09624857083838692,
        0.19249714167677384,
        0.19249714167677384,
        0.0,
        0.19249714167677384,
        0.19249714167677384
      ],
      "bin_edges": [
        0.0003061664336973018,
        0.0013451428998301047,
        0.002384119365962907,
        0.0034230958320957097,
        0.004462072298228513,
        0.005501048764361316,
        0.006540025230494118,
        0.007579001696626921,
        0.008617978162759724,
        0.009656954628892527,
        0.01069593109502533,
        0.011734907561158133,
        0.012773884027290934,
        0.013812860493423737,
        0.01485183695955654,
        0.01589081342568934,
        0.016929789891822145,
        0.017968766357954948,
        0.01900774282408775,
        0.020046719290220553,
        0.021085695756353356,
        0.02212467222248616,
        0.023163648688618962,
        0.024202625154751765,
        0.025241601620884565,
        0.026280578087017368,
        0.02731955455315017,
        0.028358531019282974,
        0.029397507485415777,
        0.03043648395154858,
        0.031475460417681386,
        0.03251443688381419,
        0.03355341334994699,
        0.034592389816079795,
        0.0356313662822126,
        0.0366703427483454,
        0.037709319214478204,
        0.03874829568061101,
        0.03978727214674381,
        0.04082624861287661,
        0.041865225079009416,
        0.04290420154514222,
        0.04394317801127502,
        0.044982154477407825,
        0.04602113094354063,
        0.04706010740967343,
        0.048099083875806234,
        0.04913806034193904,
        0.05017703680807183,
        0.051216013274204636,
        0.05225498974033744
      ]
    },
    "asthma_visits_avoided": {
      "x": [
        0.007153104852841396,
        0.017073559088087314,
        0.026994013323333232,
        0.03691446755857915,
        0.04683492179382506,
        0.05675537602907098,
        0.0666758302643169,
        0.07659628449956282,
        0.08651673873480872,
        0.09643719297005465,
        0.10635764720530055,
        0.11627810144054648,
        0.1261985556757924,
        0.1361190099110383,
        0.14603946414628421,
        0.15595991838153014,
        0.16588037261677607,
        0.17580082685202197,
        0.1857212810872679,
        0.19564173532251383,
        0.20556218955775973,
        0.21548264379300563,
        0.22540309802825156,
        0.2353235522634975,
        0.2452440064987434,
        0.2551644607339893,
        0.26508491496923525,
        0.27500536920448115,
        0.28492582343972706,
        0.29484627767497296,
        0.30476673191021886,
        0.3146871861454648,
        0.3246076403807107,
        0.3345280946159567,
        0.3444485488512026,
        0.3543690030864485,
        0.3642894573216944,
        0.3742099115569403,
        0.38413036579218623,
        0.39405082002743214,
        0.4039712742626781,
        0.413891728497924,
        0.4238121827331699,
        0.4337326369684158,
        0.4436530912036617,
        0.45357354543890765,
        0.46349399967415356,
        0.4734144539093995,
        0.4833349081446454,
        0.4932553623798913
      ],